{
    "frames": [
        {
            "filename": "marco_smile_1",
            "frame": {
                "w": 55,
                "h": 46,
                "x": 1,
                "y": 1
            },
            "anchor": {
                "x": 0.5,
                "y": 0.5
            }
        },
        {
            "filename": "marco_smile_2",
            "frame": {
                "w": 53,
                "h": 49,
                "x": 58,
                "y": 1
            },
            "anchor": {
                "x": 0.5,
                "y": 0.5
            }
        },
        {
            "filename": "marco_smile_3",
            "frame": {
                "w": 51,
                "h": 50,
                "x": 113,
                "y": 1
            },
            "anchor": {
                "x": 0.5,
                "y": 0.5
            }
        },
        {
            "filename": "marco_smile_4",
            "frame": {
                "w": 46,
                "h": 54,
                "x": 166,
                "y": 1
            },
            "anchor": {
                "x": 0.5,
                "y": 0.5
            }
        },
        {
            "filename": "barrida_1",
            "frame": {
                "w": 48,
                "h": 40,
                "x": 214,
                "y": 1
            },
            "anchor": {
                "x": 0.5,
                "y": 0.5
            }
        },
        {
            "filename": "barrida_2",
            "frame": {
                "w": 42,
                "h": 40,
                "x": 264,
                "y": 1
            },
            "anchor": {
                "x": 0.5,
                "y": 0.5
            }
        },
        {
            "filename": "barrida_3",
            "frame": {
                "w": 41,
                "h": 36,
                "x": 308,
                "y": 1
            },
            "anchor": {
                "x": 0.5,
                "y": 0.5
            }
        },
        {
            "filename": "barrida_4",
            "frame": {
                "w": 44,
                "h": 33,
                "x": 351,
                "y": 1
            },
            "anchor": {
                "x": 0.5,
                "y": 0.5
            }
        },
        {
            "filename": "barrida_5",
            "frame": {
                "w": 53,
                "h": 33,
                "x": 397,
                "y": 1
            },
            "anchor": {
                "x": 0.5,
                "y": 0.5
            }
        },
        {
            "filename": "barrida_6",
            "frame": {
                "w": 58,
                "h": 32,
                "x": 452,
                "y": 1
            },
            "anchor": {
                "x": 0.5,
                "y": 0.5
            }
        },
        {
            "filename": "barrida_7",
            "frame": {
                "w": 54,
                "h": 34,
                "x": 512,
                "y": 1
            },
            "anchor": {
                "x": 0.5,
                "y": 0.5
            }
        },
        {
            "filename": "barrida_8",
            "frame": {
                "w": 58,
                "h": 32,
                "x": 568,
                "y": 1
            },
            "anchor": {
                "x": 0.5,
                "y": 0.5
            }
        },
        {
            "filename": "barrida_9",
            "frame": {
                "w": 50,
                "h": 32,
                "x": 628,
                "y": 1
            },
            "anchor": {
                "x": 0.5,
                "y": 0.5
            }
        },
        {
            "filename": "barrida_10",
            "frame": {
                "w": 52,
                "h": 30,
                "x": 680,
                "y": 1
            },
            "anchor": {
                "x": 0.5,
                "y": 0.5
            }
        },
        {
            "filename": "cuchillada_1",
            "frame": {
                "w": 39,
                "h": 34,
                "x": 734,
                "y": 1
            },
            "anchor": {
                "x": 0.5,
                "y": 0.5
            }
        },
        {
            "filename": "cuchillada_2",
            "frame": {
                "w": 29,
                "h": 36,
                "x": 775,
                "y": 1
            },
            "anchor": {
                "x": 0.5,
                "y": 0.5
            }
        },
        {
            "filename": "cuchillada_3",
            "frame": {
                "w": 32,
                "h": 36,
                "x": 806,
                "y": 1
            },
            "anchor": {
                "x": 0.5,
                "y": 0.5
            }
        },
        {
            "filename": "cuchillada_4",
            "frame": {
                "w": 45,
                "h": 38,
                "x": 840,
                "y": 1
            },
            "anchor": {
                "x": 0.5,
                "y": 0.5
            }
        },
        {
            "filename": "cuchillada_5",
            "frame": {
                "w": 59,
                "h": 41,
                "x": 887,
                "y": 1
            },
            "anchor": {
                "x": 0.5,
                "y": 0.5
            }
        },
        {
            "filename": "cuchillada_6",
            "frame": {
                "w": 59,
                "h": 40,
                "x": 948,
                "y": 1
            },
            "anchor": {
                "x": 0.5,
                "y": 0.5
            }
        },
        {
            "filename": "cuchillada_7",
            "frame": {
                "w": 52,
                "h": 37,
                "x": 1009,
                "y": 1
            },
            "anchor": {
                "x": 0.5,
                "y": 0.5
            }
        },
        {
            "filename": "cuchillada_8",
            "frame": {
                "w": 49,
                "h": 41,
                "x": 1063,
                "y": 1
            },
            "anchor": {
                "x": 0.5,
                "y": 0.5
            }
        },
        {
            "filename": "cuchillada_9",
            "frame": {
                "w": 45,
                "h": 45,
                "x": 1114,
                "y": 1
            },
            "anchor": {
                "x": 0.5,
                "y": 0.5
            }
        },
        {
            "filename": "cuchillada_10",
            "frame": {
                "w": 42,
                "h": 44,
                "x": 1161,
                "y": 1
            },
            "anchor": {
                "x": 0.5,
                "y": 0.5
            }
        }
    ],
    "meta": {
        "description": "Atlas generado con Atlas Packer Gamma V2",
        "web": "https://gammafp.github.io/atlas-packer-phaser/"
    }
}